datetime_beginning_utc,datetime_beginning_ept,ancillary_service,unit,value,row_is_current,version_nbr
9/1/2024 4:00:00 AM,9/1/2024 12:00:00 AM,RTO Synchronized Reserve,Price,0.030000,True,1
9/1/2024 5:00:00 AM,9/1/2024 1:00:00 AM,RTO Synchronized Reserve,Price,0.040000,True,1
9/1/2024 6:00:00 AM,9/1/2024 2:00:00 AM,RTO Synchronized Reserve,Price,0.020000,True,1
9/1/2024 7:00:00 AM,9/1/2024 3:00:00 AM,RTO Synchronized Reserve,Price,0.020000,True,1
9/1/2024 8:00:00 AM,9/1/2024 4:00:00 AM,RTO Synchronized Reserve,Price,0.020000,True,1
9/1/2024 9:00:00 AM,9/1/2024 5:00:00 AM,RTO Synchronized Reserve,Price,0.010000,True,1
9/1/2024 10:00:00 AM,9/1/2024 6:00:00 AM,RTO Synchronized Reserve,Price,0.020000,True,1
9/1/2024 11:00:00 AM,9/1/2024 7:00:00 AM,RTO Synchronized Reserve,Price,0.010000,True,1
9/1/2024 12:00:00 PM,9/1/2024 8:00:00 AM,RTO Synchronized Reserve,Price,0.010000,True,1
9/1/2024 1:00:00 PM,9/1/2024 9:00:00 AM,RTO Synchronized Reserve,Price,0.030000,True,1
9/1/2024 2:00:00 PM,9/1/2024 10:00:00 AM,RTO Synchronized Reserve,Price,0.040000,True,1
9/1/2024 3:00:00 PM,9/1/2024 11:00:00 AM,RTO Synchronized Reserve,Price,0.010000,True,1
9/1/2024 4:00:00 PM,9/1/2024 12:00:00 PM,RTO Synchronized Reserve,Price,0.010000,True,1
9/1/2024 5:00:00 PM,9/1/2024 1:00:00 PM,RTO Synchronized Reserve,Price,0.010000,True,1
9/1/2024 6:00:00 PM,9/1/2024 2:00:00 PM,RTO Synchronized Reserve,Price,0.020000,True,1
9/1/2024 7:00:00 PM,9/1/2024 3:00:00 PM,RTO Synchronized Reserve,Price,0.030000,True,1
9/1/2024 8:00:00 PM,9/1/2024 4:00:00 PM,RTO Synchronized Reserve,Price,0.470000,True,1
9/1/2024 9:00:00 PM,9/1/2024 5:00:00 PM,RTO Synchronized Reserve,Price,2.430000,True,1
9/1/2024 10:00:00 PM,9/1/2024 6:00:00 PM,RTO Synchronized Reserve,Price,0.830000,True,1
9/1/2024 11:00:00 PM,9/1/2024 7:00:00 PM,RTO Synchronized Reserve,Price,0.030000,True,1
9/2/2024 12:00:00 AM,9/1/2024 8:00:00 PM,RTO Synchronized Reserve,Price,0.010000,True,1
9/2/2024 1:00:00 AM,9/1/2024 9:00:00 PM,RTO Synchronized Reserve,Price,1.580000,True,1
9/2/2024 2:00:00 AM,9/1/2024 10:00:00 PM,RTO Synchronized Reserve,Price,1.640000,True,1
9/2/2024 3:00:00 AM,9/1/2024 11:00:00 PM,RTO Synchronized Reserve,Price,0.030000,True,1
9/2/2024 4:00:00 AM,9/2/2024 12:00:00 AM,RTO Synchronized Reserve,Price,0.040000,True,1
9/2/2024 5:00:00 AM,9/2/2024 1:00:00 AM,RTO Synchronized Reserve,Price,0.030000,True,1
9/2/2024 6:00:00 AM,9/2/2024 2:00:00 AM,RTO Synchronized Reserve,Price,0.010000,True,1
9/2/2024 7:00:00 AM,9/2/2024 3:00:00 AM,RTO Synchronized Reserve,Price,0.010000,True,1
9/2/2024 8:00:00 AM,9/2/2024 4:00:00 AM,RTO Synchronized Reserve,Price,0.020000,True,1
9/2/2024 9:00:00 AM,9/2/2024 5:00:00 AM,RTO Synchronized Reserve,Price,0.020000,True,1
9/2/2024 10:00:00 AM,9/2/2024 6:00:00 AM,RTO Synchronized Reserve,Price,0.020000,True,1
9/2/2024 11:00:00 AM,9/2/2024 7:00:00 AM,RTO Synchronized Reserve,Price,0.010000,True,1
9/2/2024 12:00:00 PM,9/2/2024 8:00:00 AM,RTO Synchronized Reserve,Price,0.010000,True,1
9/2/2024 1:00:00 PM,9/2/2024 9:00:00 AM,RTO Synchronized Reserve,Price,0.010000,True,1
9/2/2024 2:00:00 PM,9/2/2024 10:00:00 AM,RTO Synchronized Reserve,Price,0.010000,True,1
9/2/2024 3:00:00 PM,9/2/2024 11:00:00 AM,RTO Synchronized Reserve,Price,0.010000,True,1
9/2/2024 4:00:00 PM,9/2/2024 12:00:00 PM,RTO Synchronized Reserve,Price,0.020000,True,1
9/2/2024 5:00:00 PM,9/2/2024 1:00:00 PM,RTO Synchronized Reserve,Price,0.020000,True,1
9/2/2024 6:00:00 PM,9/2/2024 2:00:00 PM,RTO Synchronized Reserve,Price,0.020000,True,1
9/2/2024 7:00:00 PM,9/2/2024 3:00:00 PM,RTO Synchronized Reserve,Price,0.010000,True,1
9/2/2024 8:00:00 PM,9/2/2024 4:00:00 PM,RTO Synchronized Reserve,Price,0.020000,True,1
9/2/2024 9:00:00 PM,9/2/2024 5:00:00 PM,RTO Synchronized Reserve,Price,0.030000,True,1
9/2/2024 10:00:00 PM,9/2/2024 6:00:00 PM,RTO Synchronized Reserve,Price,1.160000,True,1
9/2/2024 11:00:00 PM,9/2/2024 7:00:00 PM,RTO Synchronized Reserve,Price,2.320000,True,1
9/3/2024 12:00:00 AM,9/2/2024 8:00:00 PM,RTO Synchronized Reserve,Price,0.870000,True,1
9/3/2024 1:00:00 AM,9/2/2024 9:00:00 PM,RTO Synchronized Reserve,Price,0.040000,True,1
9/3/2024 2:00:00 AM,9/2/2024 10:00:00 PM,RTO Synchronized Reserve,Price,0.000000,True,1
9/3/2024 3:00:00 AM,9/2/2024 11:00:00 PM,RTO Synchronized Reserve,Price,0.040000,True,1
9/3/2024 4:00:00 AM,9/3/2024 12:00:00 AM,RTO Synchronized Reserve,Price,0.030000,True,1
9/3/2024 5:00:00 AM,9/3/2024 1:00:00 AM,RTO Synchronized Reserve,Price,0.010000,True,1
9/3/2024 6:00:00 AM,9/3/2024 2:00:00 AM,RTO Synchronized Reserve,Price,0.010000,True,1
9/3/2024 7:00:00 AM,9/3/2024 3:00:00 AM,RTO Synchronized Reserve,Price,0.000000,True,1
9/3/2024 8:00:00 AM,9/3/2024 4:00:00 AM,RTO Synchronized Reserve,Price,0.000000,True,1
9/3/2024 9:00:00 AM,9/3/2024 5:00:00 AM,RTO Synchronized Reserve,Price,0.020000,True,1
9/3/2024 10:00:00 AM,9/3/2024 6:00:00 AM,RTO Synchronized Reserve,Price,0.040000,True,1
9/3/2024 11:00:00 AM,9/3/2024 7:00:00 AM,RTO Synchronized Reserve,Price,2.260000,True,1
9/3/2024 12:00:00 PM,9/3/2024 8:00:00 AM,RTO Synchronized Reserve,Price,0.010000,True,1
9/3/2024 1:00:00 PM,9/3/2024 9:00:00 AM,RTO Synchronized Reserve,Price,0.000000,True,1
9/3/2024 2:00:00 PM,9/3/2024 10:00:00 AM,RTO Synchronized Reserve,Price,0.010000,True,1
9/3/2024 3:00:00 PM,9/3/2024 11:00:00 AM,RTO Synchronized Reserve,Price,0.010000,True,1
9/3/2024 4:00:00 PM,9/3/2024 12:00:00 PM,RTO Synchronized Reserve,Price,0.030000,True,1
9/3/2024 5:00:00 PM,9/3/2024 1:00:00 PM,RTO Synchronized Reserve,Price,0.040000,True,1
9/3/2024 6:00:00 PM,9/3/2024 2:00:00 PM,RTO Synchronized Reserve,Price,0.020000,True,1
9/3/2024 7:00:00 PM,9/3/2024 3:00:00 PM,RTO Synchronized Reserve,Price,0.040000,True,1
9/3/2024 8:00:00 PM,9/3/2024 4:00:00 PM,RTO Synchronized Reserve,Price,0.030000,True,1
9/3/2024 9:00:00 PM,9/3/2024 5:00:00 PM,RTO Synchronized Reserve,Price,4.870000,True,1
9/3/2024 10:00:00 PM,9/3/2024 6:00:00 PM,RTO Synchronized Reserve,Price,32.290000,True,1
9/3/2024 11:00:00 PM,9/3/2024 7:00:00 PM,RTO Synchronized Reserve,Price,0.260000,True,1
9/4/2024 12:00:00 AM,9/3/2024 8:00:00 PM,RTO Synchronized Reserve,Price,2.810000,True,1
9/4/2024 1:00:00 AM,9/3/2024 9:00:00 PM,RTO Synchronized Reserve,Price,2.280000,True,1
9/4/2024 2:00:00 AM,9/3/2024 10:00:00 PM,RTO Synchronized Reserve,Price,0.020000,True,1
9/4/2024 3:00:00 AM,9/3/2024 11:00:00 PM,RTO Synchronized Reserve,Price,0.000000,True,1
9/4/2024 4:00:00 AM,9/4/2024 12:00:00 AM,RTO Synchronized Reserve,Price,0.040000,True,1
9/4/2024 5:00:00 AM,9/4/2024 1:00:00 AM,RTO Synchronized Reserve,Price,0.040000,True,1
9/4/2024 6:00:00 AM,9/4/2024 2:00:00 AM,RTO Synchronized Reserve,Price,0.030000,True,1
9/4/2024 7:00:00 AM,9/4/2024 3:00:00 AM,RTO Synchronized Reserve,Price,0.020000,True,1
9/4/2024 8:00:00 AM,9/4/2024 4:00:00 AM,RTO Synchronized Reserve,Price,0.020000,True,1
9/4/2024 9:00:00 AM,9/4/2024 5:00:00 AM,RTO Synchronized Reserve,Price,0.280000,True,1
9/4/2024 10:00:00 AM,9/4/2024 6:00:00 AM,RTO Synchronized Reserve,Price,71.290000,True,1
9/4/2024 11:00:00 AM,9/4/2024 7:00:00 AM,RTO Synchronized Reserve,Price,0.920000,True,1
9/4/2024 12:00:00 PM,9/4/2024 8:00:00 AM,RTO Synchronized Reserve,Price,0.000000,True,1
9/4/2024 1:00:00 PM,9/4/2024 9:00:00 AM,RTO Synchronized Reserve,Price,0.020000,True,1
9/4/2024 2:00:00 PM,9/4/2024 10:00:00 AM,RTO Synchronized Reserve,Price,0.020000,True,1
9/4/2024 3:00:00 PM,9/4/2024 11:00:00 AM,RTO Synchronized Reserve,Price,0.030000,True,1
9/4/2024 4:00:00 PM,9/4/2024 12:00:00 PM,RTO Synchronized Reserve,Price,0.010000,True,1
9/4/2024 5:00:00 PM,9/4/2024 1:00:00 PM,RTO Synchronized Reserve,Price,0.010000,True,1
9/4/2024 6:00:00 PM,9/4/2024 2:00:00 PM,RTO Synchronized Reserve,Price,0.030000,True,1
9/4/2024 7:00:00 PM,9/4/2024 3:00:00 PM,RTO Synchronized Reserve,Price,0.020000,True,1
9/4/2024 8:00:00 PM,9/4/2024 4:00:00 PM,RTO Synchronized Reserve,Price,6.040000,True,1
9/4/2024 9:00:00 PM,9/4/2024 5:00:00 PM,RTO Synchronized Reserve,Price,16.400000,True,1
9/4/2024 10:00:00 PM,9/4/2024 6:00:00 PM,RTO Synchronized Reserve,Price,19.730000,True,1
9/4/2024 11:00:00 PM,9/4/2024 7:00:00 PM,RTO Synchronized Reserve,Price,18.440000,True,1
9/5/2024 12:00:00 AM,9/4/2024 8:00:00 PM,RTO Synchronized Reserve,Price,19.420000,True,1
9/5/2024 1:00:00 AM,9/4/2024 9:00:00 PM,RTO Synchronized Reserve,Price,3.460000,True,1
9/5/2024 2:00:00 AM,9/4/2024 10:00:00 PM,RTO Synchronized Reserve,Price,7.140000,True,1
9/5/2024 3:00:00 AM,9/4/2024 11:00:00 PM,RTO Synchronized Reserve,Price,0.040000,True,1
9/5/2024 4:00:00 AM,9/5/2024 12:00:00 AM,RTO Synchronized Reserve,Price,0.020000,True,1
9/5/2024 5:00:00 AM,9/5/2024 1:00:00 AM,RTO Synchronized Reserve,Price,0.020000,True,1
9/5/2024 6:00:00 AM,9/5/2024 2:00:00 AM,RTO Synchronized Reserve,Price,0.020000,True,1
9/5/2024 7:00:00 AM,9/5/2024 3:00:00 AM,RTO Synchronized Reserve,Price,0.020000,True,1
9/5/2024 8:00:00 AM,9/5/2024 4:00:00 AM,RTO Synchronized Reserve,Price,0.010000,True,1
9/5/2024 9:00:00 AM,9/5/2024 5:00:00 AM,RTO Synchronized Reserve,Price,0.020000,True,1
9/5/2024 10:00:00 AM,9/5/2024 6:00:00 AM,RTO Synchronized Reserve,Price,11.220000,True,1
9/5/2024 11:00:00 AM,9/5/2024 7:00:00 AM,RTO Synchronized Reserve,Price,3.610000,True,1
9/5/2024 12:00:00 PM,9/5/2024 8:00:00 AM,RTO Synchronized Reserve,Price,0.040000,True,1
9/5/2024 1:00:00 PM,9/5/2024 9:00:00 AM,RTO Synchronized Reserve,Price,3.960000,True,1
9/5/2024 2:00:00 PM,9/5/2024 10:00:00 AM,RTO Synchronized Reserve,Price,0.030000,True,1
9/5/2024 3:00:00 PM,9/5/2024 11:00:00 AM,RTO Synchronized Reserve,Price,0.030000,True,1
9/5/2024 4:00:00 PM,9/5/2024 12:00:00 PM,RTO Synchronized Reserve,Price,0.010000,True,1
9/5/2024 5:00:00 PM,9/5/2024 1:00:00 PM,RTO Synchronized Reserve,Price,0.030000,True,1
9/5/2024 6:00:00 PM,9/5/2024 2:00:00 PM,RTO Synchronized Reserve,Price,0.010000,True,1
9/5/2024 7:00:00 PM,9/5/2024 3:00:00 PM,RTO Synchronized Reserve,Price,0.040000,True,1
9/5/2024 8:00:00 PM,9/5/2024 4:00:00 PM,RTO Synchronized Reserve,Price,0.040000,True,1
9/5/2024 9:00:00 PM,9/5/2024 5:00:00 PM,RTO Synchronized Reserve,Price,0.160000,True,1
9/5/2024 10:00:00 PM,9/5/2024 6:00:00 PM,RTO Synchronized Reserve,Price,3.310000,True,1
9/5/2024 11:00:00 PM,9/5/2024 7:00:00 PM,RTO Synchronized Reserve,Price,0.460000,True,1
9/6/2024 12:00:00 AM,9/5/2024 8:00:00 PM,RTO Synchronized Reserve,Price,19.520000,True,1
9/6/2024 1:00:00 AM,9/5/2024 9:00:00 PM,RTO Synchronized Reserve,Price,3.350000,True,1
9/6/2024 2:00:00 AM,9/5/2024 10:00:00 PM,RTO Synchronized Reserve,Price,23.400000,True,1
9/6/2024 3:00:00 AM,9/5/2024 11:00:00 PM,RTO Synchronized Reserve,Price,0.040000,True,1
9/6/2024 4:00:00 AM,9/6/2024 12:00:00 AM,RTO Synchronized Reserve,Price,0.040000,True,1
9/6/2024 5:00:00 AM,9/6/2024 1:00:00 AM,RTO Synchronized Reserve,Price,0.020000,True,1
9/6/2024 6:00:00 AM,9/6/2024 2:00:00 AM,RTO Synchronized Reserve,Price,0.020000,True,1
9/6/2024 7:00:00 AM,9/6/2024 3:00:00 AM,RTO Synchronized Reserve,Price,0.020000,True,1
9/6/2024 8:00:00 AM,9/6/2024 4:00:00 AM,RTO Synchronized Reserve,Price,0.030000,True,1
9/6/2024 9:00:00 AM,9/6/2024 5:00:00 AM,RTO Synchronized Reserve,Price,0.040000,True,1
9/6/2024 10:00:00 AM,9/6/2024 6:00:00 AM,RTO Synchronized Reserve,Price,5.670000,True,1
9/6/2024 11:00:00 AM,9/6/2024 7:00:00 AM,RTO Synchronized Reserve,Price,0.040000,True,1
9/6/2024 12:00:00 PM,9/6/2024 8:00:00 AM,RTO Synchronized Reserve,Price,0.040000,True,1
9/6/2024 1:00:00 PM,9/6/2024 9:00:00 AM,RTO Synchronized Reserve,Price,0.020000,True,1
9/6/2024 2:00:00 PM,9/6/2024 10:00:00 AM,RTO Synchronized Reserve,Price,0.000000,True,1
9/6/2024 3:00:00 PM,9/6/2024 11:00:00 AM,RTO Synchronized Reserve,Price,0.040000,True,1
9/6/2024 4:00:00 PM,9/6/2024 12:00:00 PM,RTO Synchronized Reserve,Price,0.040000,True,1
9/6/2024 5:00:00 PM,9/6/2024 1:00:00 PM,RTO Synchronized Reserve,Price,0.040000,True,1
9/6/2024 6:00:00 PM,9/6/2024 2:00:00 PM,RTO Synchronized Reserve,Price,0.040000,True,1
9/6/2024 7:00:00 PM,9/6/2024 3:00:00 PM,RTO Synchronized Reserve,Price,0.040000,True,1
9/6/2024 8:00:00 PM,9/6/2024 4:00:00 PM,RTO Synchronized Reserve,Price,0.010000,True,1
9/6/2024 9:00:00 PM,9/6/2024 5:00:00 PM,RTO Synchronized Reserve,Price,0.040000,True,1
9/6/2024 10:00:00 PM,9/6/2024 6:00:00 PM,RTO Synchronized Reserve,Price,0.040000,True,1
9/6/2024 11:00:00 PM,9/6/2024 7:00:00 PM,RTO Synchronized Reserve,Price,0.030000,True,1
9/7/2024 12:00:00 AM,9/6/2024 8:00:00 PM,RTO Synchronized Reserve,Price,0.300000,True,1
9/7/2024 1:00:00 AM,9/6/2024 9:00:00 PM,RTO Synchronized Reserve,Price,3.910000,True,1
9/7/2024 2:00:00 AM,9/6/2024 10:00:00 PM,RTO Synchronized Reserve,Price,25.130000,True,1
9/7/2024 3:00:00 AM,9/6/2024 11:00:00 PM,RTO Synchronized Reserve,Price,7.450000,True,1
9/7/2024 4:00:00 AM,9/7/2024 12:00:00 AM,RTO Synchronized Reserve,Price,0.020000,True,1
9/7/2024 5:00:00 AM,9/7/2024 1:00:00 AM,RTO Synchronized Reserve,Price,0.040000,True,1
9/7/2024 6:00:00 AM,9/7/2024 2:00:00 AM,RTO Synchronized Reserve,Price,0.040000,True,1
9/7/2024 7:00:00 AM,9/7/2024 3:00:00 AM,RTO Synchronized Reserve,Price,0.040000,True,1
9/7/2024 8:00:00 AM,9/7/2024 4:00:00 AM,RTO Synchronized Reserve,Price,0.040000,True,1
9/7/2024 9:00:00 AM,9/7/2024 5:00:00 AM,RTO Synchronized Reserve,Price,0.030000,True,1
9/7/2024 10:00:00 AM,9/7/2024 6:00:00 AM,RTO Synchronized Reserve,Price,0.040000,True,1
9/7/2024 11:00:00 AM,9/7/2024 7:00:00 AM,RTO Synchronized Reserve,Price,0.020000,True,1
9/7/2024 12:00:00 PM,9/7/2024 8:00:00 AM,RTO Synchronized Reserve,Price,0.030000,True,1
9/7/2024 1:00:00 PM,9/7/2024 9:00:00 AM,RTO Synchronized Reserve,Price,0.040000,True,1
9/7/2024 2:00:00 PM,9/7/2024 10:00:00 AM,RTO Synchronized Reserve,Price,0.040000,True,1
9/7/2024 3:00:00 PM,9/7/2024 11:00:00 AM,RTO Synchronized Reserve,Price,0.020000,True,1
9/7/2024 4:00:00 PM,9/7/2024 12:00:00 PM,RTO Synchronized Reserve,Price,0.010000,True,1
9/7/2024 5:00:00 PM,9/7/2024 1:00:00 PM,RTO Synchronized Reserve,Price,0.030000,True,1
9/7/2024 6:00:00 PM,9/7/2024 2:00:00 PM,RTO Synchronized Reserve,Price,0.030000,True,1
9/7/2024 7:00:00 PM,9/7/2024 3:00:00 PM,RTO Synchronized Reserve,Price,0.040000,True,1
9/7/2024 8:00:00 PM,9/7/2024 4:00:00 PM,RTO Synchronized Reserve,Price,0.000000,True,1
9/7/2024 9:00:00 PM,9/7/2024 5:00:00 PM,RTO Synchronized Reserve,Price,0.000000,True,1
9/7/2024 10:00:00 PM,9/7/2024 6:00:00 PM,RTO Synchronized Reserve,Price,1.280000,True,1
9/7/2024 11:00:00 PM,9/7/2024 7:00:00 PM,RTO Synchronized Reserve,Price,10.290000,True,1
9/8/2024 12:00:00 AM,9/7/2024 8:00:00 PM,RTO Synchronized Reserve,Price,0.040000,True,1
9/8/2024 1:00:00 AM,9/7/2024 9:00:00 PM,RTO Synchronized Reserve,Price,0.040000,True,1
9/8/2024 2:00:00 AM,9/7/2024 10:00:00 PM,RTO Synchronized Reserve,Price,0.020000,True,1
9/8/2024 3:00:00 AM,9/7/2024 11:00:00 PM,RTO Synchronized Reserve,Price,0.010000,True,1
9/8/2024 4:00:00 AM,9/8/2024 12:00:00 AM,RTO Synchronized Reserve,Price,0.040000,True,1
9/8/2024 5:00:00 AM,9/8/2024 1:00:00 AM,RTO Synchronized Reserve,Price,0.040000,True,1
9/8/2024 6:00:00 AM,9/8/2024 2:00:00 AM,RTO Synchronized Reserve,Price,0.040000,True,1
9/8/2024 7:00:00 AM,9/8/2024 3:00:00 AM,RTO Synchronized Reserve,Price,0.040000,True,1
9/8/2024 8:00:00 AM,9/8/2024 4:00:00 AM,RTO Synchronized Reserve,Price,0.040000,True,1
9/8/2024 9:00:00 AM,9/8/2024 5:00:00 AM,RTO Synchronized Reserve,Price,0.040000,True,1
9/8/2024 10:00:00 AM,9/8/2024 6:00:00 AM,RTO Synchronized Reserve,Price,0.040000,True,1
9/8/2024 11:00:00 AM,9/8/2024 7:00:00 AM,RTO Synchronized Reserve,Price,0.040000,True,1
9/8/2024 12:00:00 PM,9/8/2024 8:00:00 AM,RTO Synchronized Reserve,Price,0.010000,True,1
9/8/2024 1:00:00 PM,9/8/2024 9:00:00 AM,RTO Synchronized Reserve,Price,0.010000,True,1
9/8/2024 2:00:00 PM,9/8/2024 10:00:00 AM,RTO Synchronized Reserve,Price,0.010000,True,1
9/8/2024 3:00:00 PM,9/8/2024 11:00:00 AM,RTO Synchronized Reserve,Price,0.010000,True,1
9/8/2024 4:00:00 PM,9/8/2024 12:00:00 PM,RTO Synchronized Reserve,Price,0.010000,True,1
9/8/2024 5:00:00 PM,9/8/2024 1:00:00 PM,RTO Synchronized Reserve,Price,0.010000,True,1
9/8/2024 6:00:00 PM,9/8/2024 2:00:00 PM,RTO Synchronized Reserve,Price,0.010000,True,1
9/8/2024 7:00:00 PM,9/8/2024 3:00:00 PM,RTO Synchronized Reserve,Price,0.020000,True,1
9/8/2024 8:00:00 PM,9/8/2024 4:00:00 PM,RTO Synchronized Reserve,Price,0.040000,True,1
9/8/2024 9:00:00 PM,9/8/2024 5:00:00 PM,RTO Synchronized Reserve,Price,2.150000,True,1
9/8/2024 10:00:00 PM,9/8/2024 6:00:00 PM,RTO Synchronized Reserve,Price,0.390000,True,1
9/8/2024 11:00:00 PM,9/8/2024 7:00:00 PM,RTO Synchronized Reserve,Price,9.300000,True,1
9/9/2024 12:00:00 AM,9/8/2024 8:00:00 PM,RTO Synchronized Reserve,Price,22.070000,True,1
9/9/2024 1:00:00 AM,9/8/2024 9:00:00 PM,RTO Synchronized Reserve,Price,0.030000,True,1
9/9/2024 2:00:00 AM,9/8/2024 10:00:00 PM,RTO Synchronized Reserve,Price,0.010000,True,1
9/9/2024 3:00:00 AM,9/8/2024 11:00:00 PM,RTO Synchronized Reserve,Price,6.160000,True,1
9/9/2024 4:00:00 AM,9/9/2024 12:00:00 AM,RTO Synchronized Reserve,Price,0.040000,True,1
9/9/2024 5:00:00 AM,9/9/2024 1:00:00 AM,RTO Synchronized Reserve,Price,0.040000,True,1
9/9/2024 6:00:00 AM,9/9/2024 2:00:00 AM,RTO Synchronized Reserve,Price,0.040000,True,1
9/9/2024 7:00:00 AM,9/9/2024 3:00:00 AM,RTO Synchronized Reserve,Price,0.040000,True,1
9/9/2024 8:00:00 AM,9/9/2024 4:00:00 AM,RTO Synchronized Reserve,Price,0.040000,True,1
9/9/2024 9:00:00 AM,9/9/2024 5:00:00 AM,RTO Synchronized Reserve,Price,1.570000,True,1
9/9/2024 10:00:00 AM,9/9/2024 6:00:00 AM,RTO Synchronized Reserve,Price,20.020000,True,1
9/9/2024 11:00:00 AM,9/9/2024 7:00:00 AM,RTO Synchronized Reserve,Price,4.060000,True,1
9/9/2024 12:00:00 PM,9/9/2024 8:00:00 AM,RTO Synchronized Reserve,Price,0.020000,True,1
9/9/2024 1:00:00 PM,9/9/2024 9:00:00 AM,RTO Synchronized Reserve,Price,0.020000,True,1
9/9/2024 2:00:00 PM,9/9/2024 10:00:00 AM,RTO Synchronized Reserve,Price,0.040000,True,1
9/9/2024 3:00:00 PM,9/9/2024 11:00:00 AM,RTO Synchronized Reserve,Price,0.020000,True,1
9/9/2024 4:00:00 PM,9/9/2024 12:00:00 PM,RTO Synchronized Reserve,Price,0.010000,True,1
9/9/2024 5:00:00 PM,9/9/2024 1:00:00 PM,RTO Synchronized Reserve,Price,0.020000,True,1
9/9/2024 6:00:00 PM,9/9/2024 2:00:00 PM,RTO Synchronized Reserve,Price,0.040000,True,1
9/9/2024 7:00:00 PM,9/9/2024 3:00:00 PM,RTO Synchronized Reserve,Price,0.020000,True,1
9/9/2024 8:00:00 PM,9/9/2024 4:00:00 PM,RTO Synchronized Reserve,Price,0.040000,True,1
9/9/2024 9:00:00 PM,9/9/2024 5:00:00 PM,RTO Synchronized Reserve,Price,17.410000,True,1
9/9/2024 10:00:00 PM,9/9/2024 6:00:00 PM,RTO Synchronized Reserve,Price,5.600000,True,1
9/9/2024 11:00:00 PM,9/9/2024 7:00:00 PM,RTO Synchronized Reserve,Price,3.620000,True,1
9/10/2024 12:00:00 AM,9/9/2024 8:00:00 PM,RTO Synchronized Reserve,Price,11.070000,True,1
9/10/2024 1:00:00 AM,9/9/2024 9:00:00 PM,RTO Synchronized Reserve,Price,0.040000,True,1
9/10/2024 2:00:00 AM,9/9/2024 10:00:00 PM,RTO Synchronized Reserve,Price,10.690000,True,1
9/10/2024 3:00:00 AM,9/9/2024 11:00:00 PM,RTO Synchronized Reserve,Price,1.260000,True,1
9/10/2024 4:00:00 AM,9/10/2024 12:00:00 AM,RTO Synchronized Reserve,Price,1.600000,True,1
9/10/2024 5:00:00 AM,9/10/2024 1:00:00 AM,RTO Synchronized Reserve,Price,0.040000,True,1
9/10/2024 6:00:00 AM,9/10/2024 2:00:00 AM,RTO Synchronized Reserve,Price,0.010000,True,1
9/10/2024 7:00:00 AM,9/10/2024 3:00:00 AM,RTO Synchronized Reserve,Price,0.020000,True,1
9/10/2024 8:00:00 AM,9/10/2024 4:00:00 AM,RTO Synchronized Reserve,Price,0.040000,True,1
9/10/2024 9:00:00 AM,9/10/2024 5:00:00 AM,RTO Synchronized Reserve,Price,0.040000,True,1
9/10/2024 10:00:00 AM,9/10/2024 6:00:00 AM,RTO Synchronized Reserve,Price,0.040000,True,1
9/10/2024 11:00:00 AM,9/10/2024 7:00:00 AM,RTO Synchronized Reserve,Price,0.470000,True,1
9/10/2024 12:00:00 PM,9/10/2024 8:00:00 AM,RTO Synchronized Reserve,Price,0.040000,True,1
9/10/2024 1:00:00 PM,9/10/2024 9:00:00 AM,RTO Synchronized Reserve,Price,0.020000,True,1
9/10/2024 2:00:00 PM,9/10/2024 10:00:00 AM,RTO Synchronized Reserve,Price,0.040000,True,1
9/10/2024 3:00:00 PM,9/10/2024 11:00:00 AM,RTO Synchronized Reserve,Price,0.030000,True,1
9/10/2024 4:00:00 PM,9/10/2024 12:00:00 PM,RTO Synchronized Reserve,Price,0.010000,True,1
9/10/2024 5:00:00 PM,9/10/2024 1:00:00 PM,RTO Synchronized Reserve,Price,0.010000,True,1
9/10/2024 6:00:00 PM,9/10/2024 2:00:00 PM,RTO Synchronized Reserve,Price,0.010000,True,1
9/10/2024 7:00:00 PM,9/10/2024 3:00:00 PM,RTO Synchronized Reserve,Price,0.040000,True,1
9/10/2024 8:00:00 PM,9/10/2024 4:00:00 PM,RTO Synchronized Reserve,Price,0.040000,True,1
9/10/2024 9:00:00 PM,9/10/2024 5:00:00 PM,RTO Synchronized Reserve,Price,13.290000,True,1
9/10/2024 10:00:00 PM,9/10/2024 6:00:00 PM,RTO Synchronized Reserve,Price,99.960000,True,1
9/10/2024 11:00:00 PM,9/10/2024 7:00:00 PM,RTO Synchronized Reserve,Price,10.360000,True,1
9/11/2024 12:00:00 AM,9/10/2024 8:00:00 PM,RTO Synchronized Reserve,Price,0.600000,True,1
9/11/2024 1:00:00 AM,9/10/2024 9:00:00 PM,RTO Synchronized Reserve,Price,0.970000,True,1
9/11/2024 2:00:00 AM,9/10/2024 10:00:00 PM,RTO Synchronized Reserve,Price,3.130000,True,1
9/11/2024 3:00:00 AM,9/10/2024 11:00:00 PM,RTO Synchronized Reserve,Price,24.220000,True,1
9/11/2024 4:00:00 AM,9/11/2024 12:00:00 AM,RTO Synchronized Reserve,Price,0.040000,True,1
9/11/2024 5:00:00 AM,9/11/2024 1:00:00 AM,RTO Synchronized Reserve,Price,0.040000,True,1
9/11/2024 6:00:00 AM,9/11/2024 2:00:00 AM,RTO Synchronized Reserve,Price,0.040000,True,1
9/11/2024 7:00:00 AM,9/11/2024 3:00:00 AM,RTO Synchronized Reserve,Price,0.040000,True,1
9/11/2024 8:00:00 AM,9/11/2024 4:00:00 AM,RTO Synchronized Reserve,Price,0.040000,True,1
9/11/2024 9:00:00 AM,9/11/2024 5:00:00 AM,RTO Synchronized Reserve,Price,0.040000,True,1
9/11/2024 10:00:00 AM,9/11/2024 6:00:00 AM,RTO Synchronized Reserve,Price,4.800000,True,1
9/11/2024 11:00:00 AM,9/11/2024 7:00:00 AM,RTO Synchronized Reserve,Price,0.040000,True,1
9/11/2024 12:00:00 PM,9/11/2024 8:00:00 AM,RTO Synchronized Reserve,Price,0.010000,True,1
9/11/2024 1:00:00 PM,9/11/2024 9:00:00 AM,RTO Synchronized Reserve,Price,0.010000,True,1
9/11/2024 2:00:00 PM,9/11/2024 10:00:00 AM,RTO Synchronized Reserve,Price,0.040000,True,1
9/11/2024 3:00:00 PM,9/11/2024 11:00:00 AM,RTO Synchronized Reserve,Price,0.020000,True,1
9/11/2024 4:00:00 PM,9/11/2024 12:00:00 PM,RTO Synchronized Reserve,Price,0.040000,True,1
9/11/2024 5:00:00 PM,9/11/2024 1:00:00 PM,RTO Synchronized Reserve,Price,0.010000,True,1
9/11/2024 6:00:00 PM,9/11/2024 2:00:00 PM,RTO Synchronized Reserve,Price,0.020000,True,1
9/11/2024 7:00:00 PM,9/11/2024 3:00:00 PM,RTO Synchronized Reserve,Price,5.420000,True,1
9/11/2024 8:00:00 PM,9/11/2024 4:00:00 PM,RTO Synchronized Reserve,Price,2.790000,True,1
9/11/2024 9:00:00 PM,9/11/2024 5:00:00 PM,RTO Synchronized Reserve,Price,12.630000,True,1
9/11/2024 10:00:00 PM,9/11/2024 6:00:00 PM,RTO Synchronized Reserve,Price,0.040000,True,1
9/11/2024 11:00:00 PM,9/11/2024 7:00:00 PM,RTO Synchronized Reserve,Price,10.140000,True,1
9/12/2024 12:00:00 AM,9/11/2024 8:00:00 PM,RTO Synchronized Reserve,Price,1.040000,True,1
9/12/2024 1:00:00 AM,9/11/2024 9:00:00 PM,RTO Synchronized Reserve,Price,1.390000,True,1
9/12/2024 2:00:00 AM,9/11/2024 10:00:00 PM,RTO Synchronized Reserve,Price,0.040000,True,1
9/12/2024 3:00:00 AM,9/11/2024 11:00:00 PM,RTO Synchronized Reserve,Price,0.460000,True,1
9/12/2024 4:00:00 AM,9/12/2024 12:00:00 AM,RTO Synchronized Reserve,Price,0.040000,True,1
9/12/2024 5:00:00 AM,9/12/2024 1:00:00 AM,RTO Synchronized Reserve,Price,0.020000,True,1
9/12/2024 6:00:00 AM,9/12/2024 2:00:00 AM,RTO Synchronized Reserve,Price,0.020000,True,1
9/12/2024 7:00:00 AM,9/12/2024 3:00:00 AM,RTO Synchronized Reserve,Price,0.010000,True,1
9/12/2024 8:00:00 AM,9/12/2024 4:00:00 AM,RTO Synchronized Reserve,Price,0.010000,True,1
9/12/2024 9:00:00 AM,9/12/2024 5:00:00 AM,RTO Synchronized Reserve,Price,0.020000,True,1
9/12/2024 10:00:00 AM,9/12/2024 6:00:00 AM,RTO Synchronized Reserve,Price,0.030000,True,1
9/12/2024 11:00:00 AM,9/12/2024 7:00:00 AM,RTO Synchronized Reserve,Price,0.040000,True,1
9/12/2024 12:00:00 PM,9/12/2024 8:00:00 AM,RTO Synchronized Reserve,Price,0.010000,True,1
9/12/2024 1:00:00 PM,9/12/2024 9:00:00 AM,RTO Synchronized Reserve,Price,0.020000,True,1
9/12/2024 2:00:00 PM,9/12/2024 10:00:00 AM,RTO Synchronized Reserve,Price,0.030000,True,1
9/12/2024 3:00:00 PM,9/12/2024 11:00:00 AM,RTO Synchronized Reserve,Price,0.040000,True,1
9/12/2024 4:00:00 PM,9/12/2024 12:00:00 PM,RTO Synchronized Reserve,Price,0.010000,True,1
9/12/2024 5:00:00 PM,9/12/2024 1:00:00 PM,RTO Synchronized Reserve,Price,0.010000,True,1
9/12/2024 6:00:00 PM,9/12/2024 2:00:00 PM,RTO Synchronized Reserve,Price,0.020000,True,1
9/12/2024 7:00:00 PM,9/12/2024 3:00:00 PM,RTO Synchronized Reserve,Price,0.000000,True,1
9/12/2024 8:00:00 PM,9/12/2024 4:00:00 PM,RTO Synchronized Reserve,Price,8.990000,True,1
9/12/2024 9:00:00 PM,9/12/2024 5:00:00 PM,RTO Synchronized Reserve,Price,0.030000,True,1
9/12/2024 10:00:00 PM,9/12/2024 6:00:00 PM,RTO Synchronized Reserve,Price,0.910000,True,1
9/12/2024 11:00:00 PM,9/12/2024 7:00:00 PM,RTO Synchronized Reserve,Price,6.320000,True,1
9/13/2024 12:00:00 AM,9/12/2024 8:00:00 PM,RTO Synchronized Reserve,Price,2.150000,True,1
9/13/2024 1:00:00 AM,9/12/2024 9:00:00 PM,RTO Synchronized Reserve,Price,1.210000,True,1
9/13/2024 2:00:00 AM,9/12/2024 10:00:00 PM,RTO Synchronized Reserve,Price,0.500000,True,1
9/13/2024 3:00:00 AM,9/12/2024 11:00:00 PM,RTO Synchronized Reserve,Price,0.030000,True,1
9/13/2024 4:00:00 AM,9/13/2024 12:00:00 AM,RTO Synchronized Reserve,Price,0.020000,True,1
9/13/2024 5:00:00 AM,9/13/2024 1:00:00 AM,RTO Synchronized Reserve,Price,0.010000,True,1
9/13/2024 6:00:00 AM,9/13/2024 2:00:00 AM,RTO Synchronized Reserve,Price,0.010000,True,1
9/13/2024 7:00:00 AM,9/13/2024 3:00:00 AM,RTO Synchronized Reserve,Price,0.010000,True,1
9/13/2024 8:00:00 AM,9/13/2024 4:00:00 AM,RTO Synchronized Reserve,Price,0.010000,True,1
9/13/2024 9:00:00 AM,9/13/2024 5:00:00 AM,RTO Synchronized Reserve,Price,0.020000,True,1
9/13/2024 10:00:00 AM,9/13/2024 6:00:00 AM,RTO Synchronized Reserve,Price,0.030000,True,1
9/13/2024 11:00:00 AM,9/13/2024 7:00:00 AM,RTO Synchronized Reserve,Price,0.040000,True,1
9/13/2024 12:00:00 PM,9/13/2024 8:00:00 AM,RTO Synchronized Reserve,Price,0.010000,True,1
9/13/2024 1:00:00 PM,9/13/2024 9:00:00 AM,RTO Synchronized Reserve,Price,0.010000,True,1
9/13/2024 2:00:00 PM,9/13/2024 10:00:00 AM,RTO Synchronized Reserve,Price,0.020000,True,1
9/13/2024 3:00:00 PM,9/13/2024 11:00:00 AM,RTO Synchronized Reserve,Price,0.020000,True,1
9/13/2024 4:00:00 PM,9/13/2024 12:00:00 PM,RTO Synchronized Reserve,Price,0.000000,True,1
9/13/2024 5:00:00 PM,9/13/2024 1:00:00 PM,RTO Synchronized Reserve,Price,0.000000,True,1
9/13/2024 6:00:00 PM,9/13/2024 2:00:00 PM,RTO Synchronized Reserve,Price,6.870000,True,1
9/13/2024 7:00:00 PM,9/13/2024 3:00:00 PM,RTO Synchronized Reserve,Price,0.130000,True,1
9/13/2024 8:00:00 PM,9/13/2024 4:00:00 PM,RTO Synchronized Reserve,Price,7.470000,True,1
9/13/2024 9:00:00 PM,9/13/2024 5:00:00 PM,RTO Synchronized Reserve,Price,12.530000,True,1
9/13/2024 10:00:00 PM,9/13/2024 6:00:00 PM,RTO Synchronized Reserve,Price,8.030000,True,1
9/13/2024 11:00:00 PM,9/13/2024 7:00:00 PM,RTO Synchronized Reserve,Price,7.780000,True,1
9/14/2024 12:00:00 AM,9/13/2024 8:00:00 PM,RTO Synchronized Reserve,Price,10.070000,True,1
9/14/2024 1:00:00 AM,9/13/2024 9:00:00 PM,RTO Synchronized Reserve,Price,17.000000,True,1
9/14/2024 2:00:00 AM,9/13/2024 10:00:00 PM,RTO Synchronized Reserve,Price,6.400000,True,1
9/14/2024 3:00:00 AM,9/13/2024 11:00:00 PM,RTO Synchronized Reserve,Price,18.580000,True,1
9/14/2024 4:00:00 AM,9/14/2024 12:00:00 AM,RTO Synchronized Reserve,Price,2.420000,True,1
9/14/2024 5:00:00 AM,9/14/2024 1:00:00 AM,RTO Synchronized Reserve,Price,0.040000,True,1
9/14/2024 6:00:00 AM,9/14/2024 2:00:00 AM,RTO Synchronized Reserve,Price,0.040000,True,1
9/14/2024 7:00:00 AM,9/14/2024 3:00:00 AM,RTO Synchronized Reserve,Price,0.040000,True,1
9/14/2024 8:00:00 AM,9/14/2024 4:00:00 AM,RTO Synchronized Reserve,Price,0.010000,True,1
9/14/2024 9:00:00 AM,9/14/2024 5:00:00 AM,RTO Synchronized Reserve,Price,0.030000,True,1
9/14/2024 10:00:00 AM,9/14/2024 6:00:00 AM,RTO Synchronized Reserve,Price,0.040000,True,1
9/14/2024 11:00:00 AM,9/14/2024 7:00:00 AM,RTO Synchronized Reserve,Price,0.020000,True,1
9/14/2024 12:00:00 PM,9/14/2024 8:00:00 AM,RTO Synchronized Reserve,Price,0.040000,True,1
9/14/2024 1:00:00 PM,9/14/2024 9:00:00 AM,RTO Synchronized Reserve,Price,0.040000,True,1
9/14/2024 2:00:00 PM,9/14/2024 10:00:00 AM,RTO Synchronized Reserve,Price,0.020000,True,1
9/14/2024 3:00:00 PM,9/14/2024 11:00:00 AM,RTO Synchronized Reserve,Price,0.020000,True,1
9/14/2024 4:00:00 PM,9/14/2024 12:00:00 PM,RTO Synchronized Reserve,Price,0.010000,True,1
9/14/2024 5:00:00 PM,9/14/2024 1:00:00 PM,RTO Synchronized Reserve,Price,0.040000,True,1
9/14/2024 6:00:00 PM,9/14/2024 2:00:00 PM,RTO Synchronized Reserve,Price,0.030000,True,1
9/14/2024 7:00:00 PM,9/14/2024 3:00:00 PM,RTO Synchronized Reserve,Price,0.760000,True,1
9/14/2024 8:00:00 PM,9/14/2024 4:00:00 PM,RTO Synchronized Reserve,Price,0.270000,True,1
9/14/2024 9:00:00 PM,9/14/2024 5:00:00 PM,RTO Synchronized Reserve,Price,45.930000,True,1
9/14/2024 10:00:00 PM,9/14/2024 6:00:00 PM,RTO Synchronized Reserve,Price,10.790000,True,1
9/14/2024 11:00:00 PM,9/14/2024 7:00:00 PM,RTO Synchronized Reserve,Price,4.540000,True,1
9/15/2024 12:00:00 AM,9/14/2024 8:00:00 PM,RTO Synchronized Reserve,Price,6.410000,True,1
9/15/2024 1:00:00 AM,9/14/2024 9:00:00 PM,RTO Synchronized Reserve,Price,0.500000,True,1
9/15/2024 2:00:00 AM,9/14/2024 10:00:00 PM,RTO Synchronized Reserve,Price,5.980000,True,1
9/15/2024 3:00:00 AM,9/14/2024 11:00:00 PM,RTO Synchronized Reserve,Price,24.080000,True,1
9/15/2024 4:00:00 AM,9/15/2024 12:00:00 AM,RTO Synchronized Reserve,Price,0.040000,True,1
9/15/2024 5:00:00 AM,9/15/2024 1:00:00 AM,RTO Synchronized Reserve,Price,0.030000,True,1
9/15/2024 6:00:00 AM,9/15/2024 2:00:00 AM,RTO Synchronized Reserve,Price,0.030000,True,1
9/15/2024 7:00:00 AM,9/15/2024 3:00:00 AM,RTO Synchronized Reserve,Price,0.030000,True,1
9/15/2024 8:00:00 AM,9/15/2024 4:00:00 AM,RTO Synchronized Reserve,Price,0.010000,True,1
9/15/2024 9:00:00 AM,9/15/2024 5:00:00 AM,RTO Synchronized Reserve,Price,0.030000,True,1
9/15/2024 10:00:00 AM,9/15/2024 6:00:00 AM,RTO Synchronized Reserve,Price,0.010000,True,1
9/15/2024 11:00:00 AM,9/15/2024 7:00:00 AM,RTO Synchronized Reserve,Price,0.010000,True,1
9/15/2024 12:00:00 PM,9/15/2024 8:00:00 AM,RTO Synchronized Reserve,Price,0.030000,True,1
9/15/2024 1:00:00 PM,9/15/2024 9:00:00 AM,RTO Synchronized Reserve,Price,0.030000,True,1
9/15/2024 2:00:00 PM,9/15/2024 10:00:00 AM,RTO Synchronized Reserve,Price,0.090000,True,1
9/15/2024 3:00:00 PM,9/15/2024 11:00:00 AM,RTO Synchronized Reserve,Price,0.030000,True,1
9/15/2024 4:00:00 PM,9/15/2024 12:00:00 PM,RTO Synchronized Reserve,Price,0.020000,True,1
9/15/2024 5:00:00 PM,9/15/2024 1:00:00 PM,RTO Synchronized Reserve,Price,0.020000,True,1
9/15/2024 6:00:00 PM,9/15/2024 2:00:00 PM,RTO Synchronized Reserve,Price,0.030000,True,1
9/15/2024 7:00:00 PM,9/15/2024 3:00:00 PM,RTO Synchronized Reserve,Price,0.040000,True,1
9/15/2024 8:00:00 PM,9/15/2024 4:00:00 PM,RTO Synchronized Reserve,Price,9.150000,True,1
9/15/2024 9:00:00 PM,9/15/2024 5:00:00 PM,RTO Synchronized Reserve,Price,25.180000,True,1
9/15/2024 10:00:00 PM,9/15/2024 6:00:00 PM,RTO Synchronized Reserve,Price,25.260000,True,1
9/15/2024 11:00:00 PM,9/15/2024 7:00:00 PM,RTO Synchronized Reserve,Price,3.340000,True,1
9/16/2024 12:00:00 AM,9/15/2024 8:00:00 PM,RTO Synchronized Reserve,Price,3.220000,True,1
9/16/2024 1:00:00 AM,9/15/2024 9:00:00 PM,RTO Synchronized Reserve,Price,0.040000,True,1
9/16/2024 2:00:00 AM,9/15/2024 10:00:00 PM,RTO Synchronized Reserve,Price,0.460000,True,1
9/16/2024 3:00:00 AM,9/15/2024 11:00:00 PM,RTO Synchronized Reserve,Price,8.590000,True,1
9/16/2024 4:00:00 AM,9/16/2024 12:00:00 AM,RTO Synchronized Reserve,Price,0.040000,True,1
9/16/2024 5:00:00 AM,9/16/2024 1:00:00 AM,RTO Synchronized Reserve,Price,0.020000,True,1
9/16/2024 6:00:00 AM,9/16/2024 2:00:00 AM,RTO Synchronized Reserve,Price,0.030000,True,1
9/16/2024 7:00:00 AM,9/16/2024 3:00:00 AM,RTO Synchronized Reserve,Price,0.010000,True,1
9/16/2024 8:00:00 AM,9/16/2024 4:00:00 AM,RTO Synchronized Reserve,Price,0.020000,True,1
9/16/2024 9:00:00 AM,9/16/2024 5:00:00 AM,RTO Synchronized Reserve,Price,0.040000,True,1
9/16/2024 10:00:00 AM,9/16/2024 6:00:00 AM,RTO Synchronized Reserve,Price,1.390000,True,1
9/16/2024 11:00:00 AM,9/16/2024 7:00:00 AM,RTO Synchronized Reserve,Price,5.100000,True,1
9/16/2024 12:00:00 PM,9/16/2024 8:00:00 AM,RTO Synchronized Reserve,Price,0.030000,True,1
9/16/2024 1:00:00 PM,9/16/2024 9:00:00 AM,RTO Synchronized Reserve,Price,0.010000,True,1
9/16/2024 2:00:00 PM,9/16/2024 10:00:00 AM,RTO Synchronized Reserve,Price,2.730000,True,1
9/16/2024 3:00:00 PM,9/16/2024 11:00:00 AM,RTO Synchronized Reserve,Price,0.020000,True,1
9/16/2024 4:00:00 PM,9/16/2024 12:00:00 PM,RTO Synchronized Reserve,Price,0.020000,True,1
9/16/2024 5:00:00 PM,9/16/2024 1:00:00 PM,RTO Synchronized Reserve,Price,0.560000,True,1
9/16/2024 6:00:00 PM,9/16/2024 2:00:00 PM,RTO Synchronized Reserve,Price,0.040000,True,1
9/16/2024 7:00:00 PM,9/16/2024 3:00:00 PM,RTO Synchronized Reserve,Price,0.040000,True,1
9/16/2024 8:00:00 PM,9/16/2024 4:00:00 PM,RTO Synchronized Reserve,Price,2.270000,True,1
9/16/2024 9:00:00 PM,9/16/2024 5:00:00 PM,RTO Synchronized Reserve,Price,6.810000,True,1
9/16/2024 10:00:00 PM,9/16/2024 6:00:00 PM,RTO Synchronized Reserve,Price,5.980000,True,1
9/16/2024 11:00:00 PM,9/16/2024 7:00:00 PM,RTO Synchronized Reserve,Price,3.080000,True,1
9/17/2024 12:00:00 AM,9/16/2024 8:00:00 PM,RTO Synchronized Reserve,Price,2.530000,True,1
9/17/2024 1:00:00 AM,9/16/2024 9:00:00 PM,RTO Synchronized Reserve,Price,0.300000,True,1
9/17/2024 2:00:00 AM,9/16/2024 10:00:00 PM,RTO Synchronized Reserve,Price,0.030000,True,1
9/17/2024 3:00:00 AM,9/16/2024 11:00:00 PM,RTO Synchronized Reserve,Price,0.040000,True,1
9/17/2024 4:00:00 AM,9/17/2024 12:00:00 AM,RTO Synchronized Reserve,Price,0.040000,True,1
9/17/2024 5:00:00 AM,9/17/2024 1:00:00 AM,RTO Synchronized Reserve,Price,0.010000,True,1
9/17/2024 6:00:00 AM,9/17/2024 2:00:00 AM,RTO Synchronized Reserve,Price,0.010000,True,1
9/17/2024 7:00:00 AM,9/17/2024 3:00:00 AM,RTO Synchronized Reserve,Price,0.010000,True,1
9/17/2024 8:00:00 AM,9/17/2024 4:00:00 AM,RTO Synchronized Reserve,Price,0.010000,True,1
9/17/2024 9:00:00 AM,9/17/2024 5:00:00 AM,RTO Synchronized Reserve,Price,0.030000,True,1
9/17/2024 10:00:00 AM,9/17/2024 6:00:00 AM,RTO Synchronized Reserve,Price,1.440000,True,1
9/17/2024 11:00:00 AM,9/17/2024 7:00:00 AM,RTO Synchronized Reserve,Price,2.710000,True,1
9/17/2024 12:00:00 PM,9/17/2024 8:00:00 AM,RTO Synchronized Reserve,Price,0.030000,True,1
9/17/2024 1:00:00 PM,9/17/2024 9:00:00 AM,RTO Synchronized Reserve,Price,0.040000,True,1
9/17/2024 2:00:00 PM,9/17/2024 10:00:00 AM,RTO Synchronized Reserve,Price,0.040000,True,1
9/17/2024 3:00:00 PM,9/17/2024 11:00:00 AM,RTO Synchronized Reserve,Price,0.040000,True,1
9/17/2024 4:00:00 PM,9/17/2024 12:00:00 PM,RTO Synchronized Reserve,Price,0.170000,True,1
9/17/2024 5:00:00 PM,9/17/2024 1:00:00 PM,RTO Synchronized Reserve,Price,0.040000,True,1
9/17/2024 6:00:00 PM,9/17/2024 2:00:00 PM,RTO Synchronized Reserve,Price,0.040000,True,1
9/17/2024 7:00:00 PM,9/17/2024 3:00:00 PM,RTO Synchronized Reserve,Price,0.040000,True,1
9/17/2024 8:00:00 PM,9/17/2024 4:00:00 PM,RTO Synchronized Reserve,Price,3.880000,True,1
9/17/2024 9:00:00 PM,9/17/2024 5:00:00 PM,RTO Synchronized Reserve,Price,0.040000,True,1
9/17/2024 10:00:00 PM,9/17/2024 6:00:00 PM,RTO Synchronized Reserve,Price,0.040000,True,1
9/17/2024 11:00:00 PM,9/17/2024 7:00:00 PM,RTO Synchronized Reserve,Price,6.730000,True,1
9/18/2024 12:00:00 AM,9/17/2024 8:00:00 PM,RTO Synchronized Reserve,Price,3.830000,True,1
9/18/2024 1:00:00 AM,9/17/2024 9:00:00 PM,RTO Synchronized Reserve,Price,0.040000,True,1
9/18/2024 2:00:00 AM,9/17/2024 10:00:00 PM,RTO Synchronized Reserve,Price,0.040000,True,1
9/18/2024 3:00:00 AM,9/17/2024 11:00:00 PM,RTO Synchronized Reserve,Price,2.030000,True,1
9/18/2024 4:00:00 AM,9/18/2024 12:00:00 AM,RTO Synchronized Reserve,Price,0.040000,True,1
9/18/2024 5:00:00 AM,9/18/2024 1:00:00 AM,RTO Synchronized Reserve,Price,0.030000,True,1
9/18/2024 6:00:00 AM,9/18/2024 2:00:00 AM,RTO Synchronized Reserve,Price,0.010000,True,1
9/18/2024 7:00:00 AM,9/18/2024 3:00:00 AM,RTO Synchronized Reserve,Price,0.010000,True,1
9/18/2024 8:00:00 AM,9/18/2024 4:00:00 AM,RTO Synchronized Reserve,Price,0.010000,True,1
9/18/2024 9:00:00 AM,9/18/2024 5:00:00 AM,RTO Synchronized Reserve,Price,0.040000,True,1
9/18/2024 10:00:00 AM,9/18/2024 6:00:00 AM,RTO Synchronized Reserve,Price,26.480000,True,1
9/18/2024 11:00:00 AM,9/18/2024 7:00:00 AM,RTO Synchronized Reserve,Price,0.040000,True,1
9/18/2024 12:00:00 PM,9/18/2024 8:00:00 AM,RTO Synchronized Reserve,Price,0.310000,True,1
9/18/2024 1:00:00 PM,9/18/2024 9:00:00 AM,RTO Synchronized Reserve,Price,0.030000,True,1
9/18/2024 2:00:00 PM,9/18/2024 10:00:00 AM,RTO Synchronized Reserve,Price,1.030000,True,1
9/18/2024 3:00:00 PM,9/18/2024 11:00:00 AM,RTO Synchronized Reserve,Price,0.030000,True,1
9/18/2024 4:00:00 PM,9/18/2024 12:00:00 PM,RTO Synchronized Reserve,Price,0.040000,True,1
9/18/2024 5:00:00 PM,9/18/2024 1:00:00 PM,RTO Synchronized Reserve,Price,0.010000,True,1
9/18/2024 6:00:00 PM,9/18/2024 2:00:00 PM,RTO Synchronized Reserve,Price,0.170000,True,1
9/18/2024 7:00:00 PM,9/18/2024 3:00:00 PM,RTO Synchronized Reserve,Price,0.040000,True,1
9/18/2024 8:00:00 PM,9/18/2024 4:00:00 PM,RTO Synchronized Reserve,Price,2.220000,True,1
9/18/2024 9:00:00 PM,9/18/2024 5:00:00 PM,RTO Synchronized Reserve,Price,17.500000,True,1
9/18/2024 10:00:00 PM,9/18/2024 6:00:00 PM,RTO Synchronized Reserve,Price,55.300000,True,1
9/18/2024 11:00:00 PM,9/18/2024 7:00:00 PM,RTO Synchronized Reserve,Price,0.500000,True,1
9/19/2024 12:00:00 AM,9/18/2024 8:00:00 PM,RTO Synchronized Reserve,Price,26.590000,True,1
9/19/2024 1:00:00 AM,9/18/2024 9:00:00 PM,RTO Synchronized Reserve,Price,5.490000,True,1
9/19/2024 2:00:00 AM,9/18/2024 10:00:00 PM,RTO Synchronized Reserve,Price,4.680000,True,1
9/19/2024 3:00:00 AM,9/18/2024 11:00:00 PM,RTO Synchronized Reserve,Price,6.990000,True,1
9/19/2024 4:00:00 AM,9/19/2024 12:00:00 AM,RTO Synchronized Reserve,Price,0.040000,True,1
9/19/2024 5:00:00 AM,9/19/2024 1:00:00 AM,RTO Synchronized Reserve,Price,0.040000,True,1
9/19/2024 6:00:00 AM,9/19/2024 2:00:00 AM,RTO Synchronized Reserve,Price,0.020000,True,1
9/19/2024 7:00:00 AM,9/19/2024 3:00:00 AM,RTO Synchronized Reserve,Price,0.020000,True,1
9/19/2024 8:00:00 AM,9/19/2024 4:00:00 AM,RTO Synchronized Reserve,Price,0.010000,True,1
9/19/2024 9:00:00 AM,9/19/2024 5:00:00 AM,RTO Synchronized Reserve,Price,0.040000,True,1
9/19/2024 10:00:00 AM,9/19/2024 6:00:00 AM,RTO Synchronized Reserve,Price,0.770000,True,1
9/19/2024 11:00:00 AM,9/19/2024 7:00:00 AM,RTO Synchronized Reserve,Price,0.040000,True,1
9/19/2024 12:00:00 PM,9/19/2024 8:00:00 AM,RTO Synchronized Reserve,Price,0.040000,True,1
9/19/2024 1:00:00 PM,9/19/2024 9:00:00 AM,RTO Synchronized Reserve,Price,0.040000,True,1
9/19/2024 2:00:00 PM,9/19/2024 10:00:00 AM,RTO Synchronized Reserve,Price,0.030000,True,1
9/19/2024 3:00:00 PM,9/19/2024 11:00:00 AM,RTO Synchronized Reserve,Price,0.020000,True,1
9/19/2024 4:00:00 PM,9/19/2024 12:00:00 PM,RTO Synchronized Reserve,Price,0.040000,True,1
9/19/2024 5:00:00 PM,9/19/2024 1:00:00 PM,RTO Synchronized Reserve,Price,0.040000,True,1
9/19/2024 6:00:00 PM,9/19/2024 2:00:00 PM,RTO Synchronized Reserve,Price,2.490000,True,1
9/19/2024 7:00:00 PM,9/19/2024 3:00:00 PM,RTO Synchronized Reserve,Price,57.750000,True,1
9/19/2024 8:00:00 PM,9/19/2024 4:00:00 PM,RTO Synchronized Reserve,Price,45.510000,True,1
9/19/2024 9:00:00 PM,9/19/2024 5:00:00 PM,RTO Synchronized Reserve,Price,50.380000,True,1
9/19/2024 10:00:00 PM,9/19/2024 6:00:00 PM,RTO Synchronized Reserve,Price,6.110000,True,1
9/19/2024 11:00:00 PM,9/19/2024 7:00:00 PM,RTO Synchronized Reserve,Price,6.100000,True,1
9/20/2024 12:00:00 AM,9/19/2024 8:00:00 PM,RTO Synchronized Reserve,Price,8.000000,True,1
9/20/2024 1:00:00 AM,9/19/2024 9:00:00 PM,RTO Synchronized Reserve,Price,0.480000,True,1
9/20/2024 2:00:00 AM,9/19/2024 10:00:00 PM,RTO Synchronized Reserve,Price,0.320000,True,1
9/20/2024 3:00:00 AM,9/19/2024 11:00:00 PM,RTO Synchronized Reserve,Price,0.120000,True,1
9/20/2024 4:00:00 AM,9/20/2024 12:00:00 AM,RTO Synchronized Reserve,Price,0.040000,True,1
9/20/2024 5:00:00 AM,9/20/2024 1:00:00 AM,RTO Synchronized Reserve,Price,0.010000,True,1
9/20/2024 6:00:00 AM,9/20/2024 2:00:00 AM,RTO Synchronized Reserve,Price,0.010000,True,1
9/20/2024 7:00:00 AM,9/20/2024 3:00:00 AM,RTO Synchronized Reserve,Price,0.010000,True,1
9/20/2024 8:00:00 AM,9/20/2024 4:00:00 AM,RTO Synchronized Reserve,Price,0.010000,True,1
9/20/2024 9:00:00 AM,9/20/2024 5:00:00 AM,RTO Synchronized Reserve,Price,0.030000,True,1
9/20/2024 10:00:00 AM,9/20/2024 6:00:00 AM,RTO Synchronized Reserve,Price,11.230000,True,1
9/20/2024 11:00:00 AM,9/20/2024 7:00:00 AM,RTO Synchronized Reserve,Price,0.040000,True,1
9/20/2024 12:00:00 PM,9/20/2024 8:00:00 AM,RTO Synchronized Reserve,Price,0.040000,True,1
9/20/2024 1:00:00 PM,9/20/2024 9:00:00 AM,RTO Synchronized Reserve,Price,0.040000,True,1
9/20/2024 2:00:00 PM,9/20/2024 10:00:00 AM,RTO Synchronized Reserve,Price,4.710000,True,1
9/20/2024 3:00:00 PM,9/20/2024 11:00:00 AM,RTO Synchronized Reserve,Price,11.920000,True,1
9/20/2024 4:00:00 PM,9/20/2024 12:00:00 PM,RTO Synchronized Reserve,Price,4.350000,True,1
9/20/2024 5:00:00 PM,9/20/2024 1:00:00 PM,RTO Synchronized Reserve,Price,0.220000,True,1
9/20/2024 6:00:00 PM,9/20/2024 2:00:00 PM,RTO Synchronized Reserve,Price,14.560000,True,1
9/20/2024 7:00:00 PM,9/20/2024 3:00:00 PM,RTO Synchronized Reserve,Price,0.360000,True,1
9/20/2024 8:00:00 PM,9/20/2024 4:00:00 PM,RTO Synchronized Reserve,Price,35.350000,True,1
9/20/2024 9:00:00 PM,9/20/2024 5:00:00 PM,RTO Synchronized Reserve,Price,90.080000,True,1
9/20/2024 10:00:00 PM,9/20/2024 6:00:00 PM,RTO Synchronized Reserve,Price,19.930000,True,1
9/20/2024 11:00:00 PM,9/20/2024 7:00:00 PM,RTO Synchronized Reserve,Price,2.050000,True,1
9/21/2024 12:00:00 AM,9/20/2024 8:00:00 PM,RTO Synchronized Reserve,Price,5.030000,True,1
9/21/2024 1:00:00 AM,9/20/2024 9:00:00 PM,RTO Synchronized Reserve,Price,10.100000,True,1
9/21/2024 2:00:00 AM,9/20/2024 10:00:00 PM,RTO Synchronized Reserve,Price,6.090000,True,1
9/21/2024 3:00:00 AM,9/20/2024 11:00:00 PM,RTO Synchronized Reserve,Price,5.040000,True,1
9/21/2024 4:00:00 AM,9/21/2024 12:00:00 AM,RTO Synchronized Reserve,Price,2.070000,True,1
9/21/2024 5:00:00 AM,9/21/2024 1:00:00 AM,RTO Synchronized Reserve,Price,0.040000,True,1
9/21/2024 6:00:00 AM,9/21/2024 2:00:00 AM,RTO Synchronized Reserve,Price,0.040000,True,1
9/21/2024 7:00:00 AM,9/21/2024 3:00:00 AM,RTO Synchronized Reserve,Price,0.030000,True,1
9/21/2024 8:00:00 AM,9/21/2024 4:00:00 AM,RTO Synchronized Reserve,Price,0.040000,True,1
9/21/2024 9:00:00 AM,9/21/2024 5:00:00 AM,RTO Synchronized Reserve,Price,0.040000,True,1
9/21/2024 10:00:00 AM,9/21/2024 6:00:00 AM,RTO Synchronized Reserve,Price,0.030000,True,1
9/21/2024 11:00:00 AM,9/21/2024 7:00:00 AM,RTO Synchronized Reserve,Price,0.040000,True,1
9/21/2024 12:00:00 PM,9/21/2024 8:00:00 AM,RTO Synchronized Reserve,Price,0.030000,True,1
9/21/2024 1:00:00 PM,9/21/2024 9:00:00 AM,RTO Synchronized Reserve,Price,0.010000,True,1
9/21/2024 2:00:00 PM,9/21/2024 10:00:00 AM,RTO Synchronized Reserve,Price,0.030000,True,1
9/21/2024 3:00:00 PM,9/21/2024 11:00:00 AM,RTO Synchronized Reserve,Price,0.040000,True,1
9/21/2024 4:00:00 PM,9/21/2024 12:00:00 PM,RTO Synchronized Reserve,Price,0.020000,True,1
9/21/2024 5:00:00 PM,9/21/2024 1:00:00 PM,RTO Synchronized Reserve,Price,0.040000,True,1
9/21/2024 6:00:00 PM,9/21/2024 2:00:00 PM,RTO Synchronized Reserve,Price,0.110000,True,1
9/21/2024 7:00:00 PM,9/21/2024 3:00:00 PM,RTO Synchronized Reserve,Price,8.060000,True,1
9/21/2024 8:00:00 PM,9/21/2024 4:00:00 PM,RTO Synchronized Reserve,Price,2.900000,True,1
9/21/2024 9:00:00 PM,9/21/2024 5:00:00 PM,RTO Synchronized Reserve,Price,28.940000,True,1
9/21/2024 10:00:00 PM,9/21/2024 6:00:00 PM,RTO Synchronized Reserve,Price,13.520000,True,1
9/21/2024 11:00:00 PM,9/21/2024 7:00:00 PM,RTO Synchronized Reserve,Price,3.380000,True,1
9/22/2024 12:00:00 AM,9/21/2024 8:00:00 PM,RTO Synchronized Reserve,Price,4.180000,True,1
9/22/2024 1:00:00 AM,9/21/2024 9:00:00 PM,RTO Synchronized Reserve,Price,3.570000,True,1
9/22/2024 2:00:00 AM,9/21/2024 10:00:00 PM,RTO Synchronized Reserve,Price,15.640000,True,1
9/22/2024 3:00:00 AM,9/21/2024 11:00:00 PM,RTO Synchronized Reserve,Price,1.800000,True,1
9/22/2024 4:00:00 AM,9/22/2024 12:00:00 AM,RTO Synchronized Reserve,Price,0.330000,True,1
9/22/2024 5:00:00 AM,9/22/2024 1:00:00 AM,RTO Synchronized Reserve,Price,0.030000,True,1
9/22/2024 6:00:00 AM,9/22/2024 2:00:00 AM,RTO Synchronized Reserve,Price,0.040000,True,1
9/22/2024 7:00:00 AM,9/22/2024 3:00:00 AM,RTO Synchronized Reserve,Price,0.010000,True,1
9/22/2024 8:00:00 AM,9/22/2024 4:00:00 AM,RTO Synchronized Reserve,Price,0.010000,True,1
9/22/2024 9:00:00 AM,9/22/2024 5:00:00 AM,RTO Synchronized Reserve,Price,0.010000,True,1
9/22/2024 10:00:00 AM,9/22/2024 6:00:00 AM,RTO Synchronized Reserve,Price,0.010000,True,1
9/22/2024 11:00:00 AM,9/22/2024 7:00:00 AM,RTO Synchronized Reserve,Price,0.020000,True,1
9/22/2024 12:00:00 PM,9/22/2024 8:00:00 AM,RTO Synchronized Reserve,Price,0.030000,True,1
9/22/2024 1:00:00 PM,9/22/2024 9:00:00 AM,RTO Synchronized Reserve,Price,0.030000,True,1
9/22/2024 2:00:00 PM,9/22/2024 10:00:00 AM,RTO Synchronized Reserve,Price,0.040000,True,1
9/22/2024 3:00:00 PM,9/22/2024 11:00:00 AM,RTO Synchronized Reserve,Price,0.040000,True,1
9/22/2024 4:00:00 PM,9/22/2024 12:00:00 PM,RTO Synchronized Reserve,Price,0.040000,True,1
9/22/2024 5:00:00 PM,9/22/2024 1:00:00 PM,RTO Synchronized Reserve,Price,0.040000,True,1
9/22/2024 6:00:00 PM,9/22/2024 2:00:00 PM,RTO Synchronized Reserve,Price,0.030000,True,1
9/22/2024 7:00:00 PM,9/22/2024 3:00:00 PM,RTO Synchronized Reserve,Price,0.040000,True,1
9/22/2024 8:00:00 PM,9/22/2024 4:00:00 PM,RTO Synchronized Reserve,Price,0.030000,True,1
9/22/2024 9:00:00 PM,9/22/2024 5:00:00 PM,RTO Synchronized Reserve,Price,9.920000,True,1
9/22/2024 10:00:00 PM,9/22/2024 6:00:00 PM,RTO Synchronized Reserve,Price,19.690000,True,1
9/22/2024 11:00:00 PM,9/22/2024 7:00:00 PM,RTO Synchronized Reserve,Price,29.360000,True,1
9/23/2024 12:00:00 AM,9/22/2024 8:00:00 PM,RTO Synchronized Reserve,Price,37.240000,True,1
9/23/2024 1:00:00 AM,9/22/2024 9:00:00 PM,RTO Synchronized Reserve,Price,0.100000,True,1
9/23/2024 2:00:00 AM,9/22/2024 10:00:00 PM,RTO Synchronized Reserve,Price,5.930000,True,1
9/23/2024 3:00:00 AM,9/22/2024 11:00:00 PM,RTO Synchronized Reserve,Price,32.420000,True,1
9/23/2024 4:00:00 AM,9/23/2024 12:00:00 AM,RTO Synchronized Reserve,Price,0.040000,True,1
9/23/2024 5:00:00 AM,9/23/2024 1:00:00 AM,RTO Synchronized Reserve,Price,0.040000,True,1
9/23/2024 6:00:00 AM,9/23/2024 2:00:00 AM,RTO Synchronized Reserve,Price,0.020000,True,1
9/23/2024 7:00:00 AM,9/23/2024 3:00:00 AM,RTO Synchronized Reserve,Price,0.040000,True,1
9/23/2024 8:00:00 AM,9/23/2024 4:00:00 AM,RTO Synchronized Reserve,Price,0.040000,True,1
9/23/2024 9:00:00 AM,9/23/2024 5:00:00 AM,RTO Synchronized Reserve,Price,4.910000,True,1
9/23/2024 10:00:00 AM,9/23/2024 6:00:00 AM,RTO Synchronized Reserve,Price,0.020000,True,1
9/23/2024 11:00:00 AM,9/23/2024 7:00:00 AM,RTO Synchronized Reserve,Price,12.740000,True,1
9/23/2024 12:00:00 PM,9/23/2024 8:00:00 AM,RTO Synchronized Reserve,Price,0.020000,True,1
9/23/2024 1:00:00 PM,9/23/2024 9:00:00 AM,RTO Synchronized Reserve,Price,0.020000,True,1
9/23/2024 2:00:00 PM,9/23/2024 10:00:00 AM,RTO Synchronized Reserve,Price,0.040000,True,1
9/23/2024 3:00:00 PM,9/23/2024 11:00:00 AM,RTO Synchronized Reserve,Price,0.040000,True,1
9/23/2024 4:00:00 PM,9/23/2024 12:00:00 PM,RTO Synchronized Reserve,Price,0.040000,True,1
9/23/2024 5:00:00 PM,9/23/2024 1:00:00 PM,RTO Synchronized Reserve,Price,0.040000,True,1
9/23/2024 6:00:00 PM,9/23/2024 2:00:00 PM,RTO Synchronized Reserve,Price,0.040000,True,1
9/23/2024 7:00:00 PM,9/23/2024 3:00:00 PM,RTO Synchronized Reserve,Price,0.040000,True,1
9/23/2024 8:00:00 PM,9/23/2024 4:00:00 PM,RTO Synchronized Reserve,Price,0.040000,True,1
9/23/2024 9:00:00 PM,9/23/2024 5:00:00 PM,RTO Synchronized Reserve,Price,0.040000,True,1
9/23/2024 10:00:00 PM,9/23/2024 6:00:00 PM,RTO Synchronized Reserve,Price,0.040000,True,1
9/23/2024 11:00:00 PM,9/23/2024 7:00:00 PM,RTO Synchronized Reserve,Price,0.040000,True,1
9/24/2024 12:00:00 AM,9/23/2024 8:00:00 PM,RTO Synchronized Reserve,Price,0.040000,True,1
9/24/2024 1:00:00 AM,9/23/2024 9:00:00 PM,RTO Synchronized Reserve,Price,0.040000,True,1
9/24/2024 2:00:00 AM,9/23/2024 10:00:00 PM,RTO Synchronized Reserve,Price,0.040000,True,1
9/24/2024 3:00:00 AM,9/23/2024 11:00:00 PM,RTO Synchronized Reserve,Price,6.240000,True,1
9/24/2024 4:00:00 AM,9/24/2024 12:00:00 AM,RTO Synchronized Reserve,Price,0.040000,True,1
9/24/2024 5:00:00 AM,9/24/2024 1:00:00 AM,RTO Synchronized Reserve,Price,0.040000,True,1
9/24/2024 6:00:00 AM,9/24/2024 2:00:00 AM,RTO Synchronized Reserve,Price,0.040000,True,1
9/24/2024 7:00:00 AM,9/24/2024 3:00:00 AM,RTO Synchronized Reserve,Price,0.040000,True,1
9/24/2024 8:00:00 AM,9/24/2024 4:00:00 AM,RTO Synchronized Reserve,Price,0.040000,True,1
9/24/2024 9:00:00 AM,9/24/2024 5:00:00 AM,RTO Synchronized Reserve,Price,0.040000,True,1
9/24/2024 10:00:00 AM,9/24/2024 6:00:00 AM,RTO Synchronized Reserve,Price,0.580000,True,1
9/24/2024 11:00:00 AM,9/24/2024 7:00:00 AM,RTO Synchronized Reserve,Price,37.420000,True,1
9/24/2024 12:00:00 PM,9/24/2024 8:00:00 AM,RTO Synchronized Reserve,Price,0.040000,True,1
9/24/2024 1:00:00 PM,9/24/2024 9:00:00 AM,RTO Synchronized Reserve,Price,5.250000,True,1
9/24/2024 2:00:00 PM,9/24/2024 10:00:00 AM,RTO Synchronized Reserve,Price,0.040000,True,1
9/24/2024 3:00:00 PM,9/24/2024 11:00:00 AM,RTO Synchronized Reserve,Price,0.040000,True,1
9/24/2024 4:00:00 PM,9/24/2024 12:00:00 PM,RTO Synchronized Reserve,Price,0.040000,True,1
9/24/2024 5:00:00 PM,9/24/2024 1:00:00 PM,RTO Synchronized Reserve,Price,0.030000,True,1
9/24/2024 6:00:00 PM,9/24/2024 2:00:00 PM,RTO Synchronized Reserve,Price,0.030000,True,1
9/24/2024 7:00:00 PM,9/24/2024 3:00:00 PM,RTO Synchronized Reserve,Price,0.030000,True,1
9/24/2024 8:00:00 PM,9/24/2024 4:00:00 PM,RTO Synchronized Reserve,Price,0.040000,True,1
9/24/2024 9:00:00 PM,9/24/2024 5:00:00 PM,RTO Synchronized Reserve,Price,0.040000,True,1
9/24/2024 10:00:00 PM,9/24/2024 6:00:00 PM,RTO Synchronized Reserve,Price,0.490000,True,1
9/24/2024 11:00:00 PM,9/24/2024 7:00:00 PM,RTO Synchronized Reserve,Price,29.700000,True,1
9/25/2024 12:00:00 AM,9/24/2024 8:00:00 PM,RTO Synchronized Reserve,Price,9.720000,True,1
9/25/2024 1:00:00 AM,9/24/2024 9:00:00 PM,RTO Synchronized Reserve,Price,0.090000,True,1
9/25/2024 2:00:00 AM,9/24/2024 10:00:00 PM,RTO Synchronized Reserve,Price,0.040000,True,1
9/25/2024 3:00:00 AM,9/24/2024 11:00:00 PM,RTO Synchronized Reserve,Price,0.040000,True,1
9/25/2024 4:00:00 AM,9/25/2024 12:00:00 AM,RTO Synchronized Reserve,Price,0.040000,True,1
9/25/2024 5:00:00 AM,9/25/2024 1:00:00 AM,RTO Synchronized Reserve,Price,0.020000,True,1
9/25/2024 6:00:00 AM,9/25/2024 2:00:00 AM,RTO Synchronized Reserve,Price,0.040000,True,1
9/25/2024 7:00:00 AM,9/25/2024 3:00:00 AM,RTO Synchronized Reserve,Price,0.040000,True,1
9/25/2024 8:00:00 AM,9/25/2024 4:00:00 AM,RTO Synchronized Reserve,Price,0.040000,True,1
9/25/2024 9:00:00 AM,9/25/2024 5:00:00 AM,RTO Synchronized Reserve,Price,0.040000,True,1
9/25/2024 10:00:00 AM,9/25/2024 6:00:00 AM,RTO Synchronized Reserve,Price,0.010000,True,1
9/25/2024 11:00:00 AM,9/25/2024 7:00:00 AM,RTO Synchronized Reserve,Price,0.030000,True,1
9/25/2024 12:00:00 PM,9/25/2024 8:00:00 AM,RTO Synchronized Reserve,Price,0.030000,True,1
9/25/2024 1:00:00 PM,9/25/2024 9:00:00 AM,RTO Synchronized Reserve,Price,0.010000,True,1
9/25/2024 2:00:00 PM,9/25/2024 10:00:00 AM,RTO Synchronized Reserve,Price,0.010000,True,1
9/25/2024 3:00:00 PM,9/25/2024 11:00:00 AM,RTO Synchronized Reserve,Price,0.010000,True,1
9/25/2024 4:00:00 PM,9/25/2024 12:00:00 PM,RTO Synchronized Reserve,Price,0.020000,True,1
9/25/2024 5:00:00 PM,9/25/2024 1:00:00 PM,RTO Synchronized Reserve,Price,0.040000,True,1
9/25/2024 6:00:00 PM,9/25/2024 2:00:00 PM,RTO Synchronized Reserve,Price,0.020000,True,1
9/25/2024 7:00:00 PM,9/25/2024 3:00:00 PM,RTO Synchronized Reserve,Price,0.040000,True,1
9/25/2024 8:00:00 PM,9/25/2024 4:00:00 PM,RTO Synchronized Reserve,Price,0.070000,True,1
9/25/2024 9:00:00 PM,9/25/2024 5:00:00 PM,RTO Synchronized Reserve,Price,1.150000,True,1
9/25/2024 10:00:00 PM,9/25/2024 6:00:00 PM,RTO Synchronized Reserve,Price,3.320000,True,1
9/25/2024 11:00:00 PM,9/25/2024 7:00:00 PM,RTO Synchronized Reserve,Price,0.690000,True,1
9/26/2024 12:00:00 AM,9/25/2024 8:00:00 PM,RTO Synchronized Reserve,Price,1.110000,True,1
9/26/2024 1:00:00 AM,9/25/2024 9:00:00 PM,RTO Synchronized Reserve,Price,0.040000,True,1
9/26/2024 2:00:00 AM,9/25/2024 10:00:00 PM,RTO Synchronized Reserve,Price,2.770000,True,1
9/26/2024 3:00:00 AM,9/25/2024 11:00:00 PM,RTO Synchronized Reserve,Price,1.310000,True,1
9/26/2024 4:00:00 AM,9/26/2024 12:00:00 AM,RTO Synchronized Reserve,Price,0.040000,True,1
9/26/2024 5:00:00 AM,9/26/2024 1:00:00 AM,RTO Synchronized Reserve,Price,0.020000,True,1
9/26/2024 6:00:00 AM,9/26/2024 2:00:00 AM,RTO Synchronized Reserve,Price,0.020000,True,1
9/26/2024 7:00:00 AM,9/26/2024 3:00:00 AM,RTO Synchronized Reserve,Price,0.020000,True,1
9/26/2024 8:00:00 AM,9/26/2024 4:00:00 AM,RTO Synchronized Reserve,Price,0.020000,True,1
9/26/2024 9:00:00 AM,9/26/2024 5:00:00 AM,RTO Synchronized Reserve,Price,0.040000,True,1
9/26/2024 10:00:00 AM,9/26/2024 6:00:00 AM,RTO Synchronized Reserve,Price,1.060000,True,1
9/26/2024 11:00:00 AM,9/26/2024 7:00:00 AM,RTO Synchronized Reserve,Price,0.040000,True,1
9/26/2024 12:00:00 PM,9/26/2024 8:00:00 AM,RTO Synchronized Reserve,Price,0.010000,True,1
9/26/2024 1:00:00 PM,9/26/2024 9:00:00 AM,RTO Synchronized Reserve,Price,0.030000,True,1
9/26/2024 2:00:00 PM,9/26/2024 10:00:00 AM,RTO Synchronized Reserve,Price,0.040000,True,1
9/26/2024 3:00:00 PM,9/26/2024 11:00:00 AM,RTO Synchronized Reserve,Price,0.020000,True,1
9/26/2024 4:00:00 PM,9/26/2024 12:00:00 PM,RTO Synchronized Reserve,Price,0.010000,True,1
9/26/2024 5:00:00 PM,9/26/2024 1:00:00 PM,RTO Synchronized Reserve,Price,0.030000,True,1
9/26/2024 6:00:00 PM,9/26/2024 2:00:00 PM,RTO Synchronized Reserve,Price,0.040000,True,1
9/26/2024 7:00:00 PM,9/26/2024 3:00:00 PM,RTO Synchronized Reserve,Price,0.040000,True,1
9/26/2024 8:00:00 PM,9/26/2024 4:00:00 PM,RTO Synchronized Reserve,Price,0.040000,True,1
9/26/2024 9:00:00 PM,9/26/2024 5:00:00 PM,RTO Synchronized Reserve,Price,2.790000,True,1
9/26/2024 10:00:00 PM,9/26/2024 6:00:00 PM,RTO Synchronized Reserve,Price,0.030000,True,1
9/26/2024 11:00:00 PM,9/26/2024 7:00:00 PM,RTO Synchronized Reserve,Price,0.490000,True,1
9/27/2024 12:00:00 AM,9/26/2024 8:00:00 PM,RTO Synchronized Reserve,Price,0.030000,True,1
9/27/2024 1:00:00 AM,9/26/2024 9:00:00 PM,RTO Synchronized Reserve,Price,0.040000,True,1
9/27/2024 2:00:00 AM,9/26/2024 10:00:00 PM,RTO Synchronized Reserve,Price,0.030000,True,1
9/27/2024 3:00:00 AM,9/26/2024 11:00:00 PM,RTO Synchronized Reserve,Price,0.040000,True,1
9/27/2024 4:00:00 AM,9/27/2024 12:00:00 AM,RTO Synchronized Reserve,Price,8.380000,True,1
9/27/2024 5:00:00 AM,9/27/2024 1:00:00 AM,RTO Synchronized Reserve,Price,0.040000,True,1
9/27/2024 6:00:00 AM,9/27/2024 2:00:00 AM,RTO Synchronized Reserve,Price,0.040000,True,1
9/27/2024 7:00:00 AM,9/27/2024 3:00:00 AM,RTO Synchronized Reserve,Price,0.040000,True,1
9/27/2024 8:00:00 AM,9/27/2024 4:00:00 AM,RTO Synchronized Reserve,Price,0.040000,True,1
9/27/2024 9:00:00 AM,9/27/2024 5:00:00 AM,RTO Synchronized Reserve,Price,0.040000,True,1
9/27/2024 10:00:00 AM,9/27/2024 6:00:00 AM,RTO Synchronized Reserve,Price,0.020000,True,1
9/27/2024 11:00:00 AM,9/27/2024 7:00:00 AM,RTO Synchronized Reserve,Price,3.850000,True,1
9/27/2024 12:00:00 PM,9/27/2024 8:00:00 AM,RTO Synchronized Reserve,Price,0.030000,True,1
9/27/2024 1:00:00 PM,9/27/2024 9:00:00 AM,RTO Synchronized Reserve,Price,0.410000,True,1
9/27/2024 2:00:00 PM,9/27/2024 10:00:00 AM,RTO Synchronized Reserve,Price,0.030000,True,1
9/27/2024 3:00:00 PM,9/27/2024 11:00:00 AM,RTO Synchronized Reserve,Price,0.010000,True,1
9/27/2024 4:00:00 PM,9/27/2024 12:00:00 PM,RTO Synchronized Reserve,Price,0.010000,True,1
9/27/2024 5:00:00 PM,9/27/2024 1:00:00 PM,RTO Synchronized Reserve,Price,0.010000,True,1
9/27/2024 6:00:00 PM,9/27/2024 2:00:00 PM,RTO Synchronized Reserve,Price,0.010000,True,1
9/27/2024 7:00:00 PM,9/27/2024 3:00:00 PM,RTO Synchronized Reserve,Price,0.010000,True,1
9/27/2024 8:00:00 PM,9/27/2024 4:00:00 PM,RTO Synchronized Reserve,Price,0.010000,True,1
9/27/2024 9:00:00 PM,9/27/2024 5:00:00 PM,RTO Synchronized Reserve,Price,0.020000,True,1
9/27/2024 10:00:00 PM,9/27/2024 6:00:00 PM,RTO Synchronized Reserve,Price,0.020000,True,1
9/27/2024 11:00:00 PM,9/27/2024 7:00:00 PM,RTO Synchronized Reserve,Price,0.040000,True,1
9/28/2024 12:00:00 AM,9/27/2024 8:00:00 PM,RTO Synchronized Reserve,Price,0.030000,True,1
9/28/2024 1:00:00 AM,9/27/2024 9:00:00 PM,RTO Synchronized Reserve,Price,0.040000,True,1
9/28/2024 2:00:00 AM,9/27/2024 10:00:00 PM,RTO Synchronized Reserve,Price,0.940000,True,1
9/28/2024 3:00:00 AM,9/27/2024 11:00:00 PM,RTO Synchronized Reserve,Price,0.200000,True,1
9/28/2024 4:00:00 AM,9/28/2024 12:00:00 AM,RTO Synchronized Reserve,Price,0.040000,True,1
9/28/2024 5:00:00 AM,9/28/2024 1:00:00 AM,RTO Synchronized Reserve,Price,0.040000,True,1
9/28/2024 6:00:00 AM,9/28/2024 2:00:00 AM,RTO Synchronized Reserve,Price,0.040000,True,1
9/28/2024 7:00:00 AM,9/28/2024 3:00:00 AM,RTO Synchronized Reserve,Price,0.040000,True,1
9/28/2024 8:00:00 AM,9/28/2024 4:00:00 AM,RTO Synchronized Reserve,Price,0.040000,True,1
9/28/2024 9:00:00 AM,9/28/2024 5:00:00 AM,RTO Synchronized Reserve,Price,0.350000,True,1
9/28/2024 10:00:00 AM,9/28/2024 6:00:00 AM,RTO Synchronized Reserve,Price,5.460000,True,1
9/28/2024 11:00:00 AM,9/28/2024 7:00:00 AM,RTO Synchronized Reserve,Price,0.030000,True,1
9/28/2024 12:00:00 PM,9/28/2024 8:00:00 AM,RTO Synchronized Reserve,Price,0.020000,True,1
9/28/2024 1:00:00 PM,9/28/2024 9:00:00 AM,RTO Synchronized Reserve,Price,0.020000,True,1
9/28/2024 2:00:00 PM,9/28/2024 10:00:00 AM,RTO Synchronized Reserve,Price,0.040000,True,1
9/28/2024 3:00:00 PM,9/28/2024 11:00:00 AM,RTO Synchronized Reserve,Price,0.040000,True,1
9/28/2024 4:00:00 PM,9/28/2024 12:00:00 PM,RTO Synchronized Reserve,Price,1.390000,True,1
9/28/2024 5:00:00 PM,9/28/2024 1:00:00 PM,RTO Synchronized Reserve,Price,0.360000,True,1
9/28/2024 6:00:00 PM,9/28/2024 2:00:00 PM,RTO Synchronized Reserve,Price,0.030000,True,1
9/28/2024 7:00:00 PM,9/28/2024 3:00:00 PM,RTO Synchronized Reserve,Price,0.030000,True,1
9/28/2024 8:00:00 PM,9/28/2024 4:00:00 PM,RTO Synchronized Reserve,Price,0.640000,True,1
9/28/2024 9:00:00 PM,9/28/2024 5:00:00 PM,RTO Synchronized Reserve,Price,43.540000,True,1
9/28/2024 10:00:00 PM,9/28/2024 6:00:00 PM,RTO Synchronized Reserve,Price,4.670000,True,1
9/28/2024 11:00:00 PM,9/28/2024 7:00:00 PM,RTO Synchronized Reserve,Price,18.240000,True,1
9/29/2024 12:00:00 AM,9/28/2024 8:00:00 PM,RTO Synchronized Reserve,Price,3.700000,True,1
9/29/2024 1:00:00 AM,9/28/2024 9:00:00 PM,RTO Synchronized Reserve,Price,7.890000,True,1
9/29/2024 2:00:00 AM,9/28/2024 10:00:00 PM,RTO Synchronized Reserve,Price,3.320000,True,1
9/29/2024 3:00:00 AM,9/28/2024 11:00:00 PM,RTO Synchronized Reserve,Price,1.580000,True,1
9/29/2024 4:00:00 AM,9/29/2024 12:00:00 AM,RTO Synchronized Reserve,Price,0.040000,True,1
9/29/2024 5:00:00 AM,9/29/2024 1:00:00 AM,RTO Synchronized Reserve,Price,0.030000,True,1
9/29/2024 6:00:00 AM,9/29/2024 2:00:00 AM,RTO Synchronized Reserve,Price,0.040000,True,1
9/29/2024 7:00:00 AM,9/29/2024 3:00:00 AM,RTO Synchronized Reserve,Price,0.010000,True,1
9/29/2024 8:00:00 AM,9/29/2024 4:00:00 AM,RTO Synchronized Reserve,Price,0.010000,True,1
9/29/2024 9:00:00 AM,9/29/2024 5:00:00 AM,RTO Synchronized Reserve,Price,0.030000,True,1
9/29/2024 10:00:00 AM,9/29/2024 6:00:00 AM,RTO Synchronized Reserve,Price,0.040000,True,1
9/29/2024 11:00:00 AM,9/29/2024 7:00:00 AM,RTO Synchronized Reserve,Price,0.040000,True,1
9/29/2024 12:00:00 PM,9/29/2024 8:00:00 AM,RTO Synchronized Reserve,Price,2.390000,True,1
9/29/2024 1:00:00 PM,9/29/2024 9:00:00 AM,RTO Synchronized Reserve,Price,5.210000,True,1
9/29/2024 2:00:00 PM,9/29/2024 10:00:00 AM,RTO Synchronized Reserve,Price,0.030000,True,1
9/29/2024 3:00:00 PM,9/29/2024 11:00:00 AM,RTO Synchronized Reserve,Price,0.040000,True,1
9/29/2024 4:00:00 PM,9/29/2024 12:00:00 PM,RTO Synchronized Reserve,Price,19.950000,True,1
9/29/2024 5:00:00 PM,9/29/2024 1:00:00 PM,RTO Synchronized Reserve,Price,3.000000,True,1
9/29/2024 6:00:00 PM,9/29/2024 2:00:00 PM,RTO Synchronized Reserve,Price,0.030000,True,1
9/29/2024 7:00:00 PM,9/29/2024 3:00:00 PM,RTO Synchronized Reserve,Price,3.330000,True,1
9/29/2024 8:00:00 PM,9/29/2024 4:00:00 PM,RTO Synchronized Reserve,Price,0.560000,True,1
9/29/2024 9:00:00 PM,9/29/2024 5:00:00 PM,RTO Synchronized Reserve,Price,8.320000,True,1
9/29/2024 10:00:00 PM,9/29/2024 6:00:00 PM,RTO Synchronized Reserve,Price,43.030000,True,1
9/29/2024 11:00:00 PM,9/29/2024 7:00:00 PM,RTO Synchronized Reserve,Price,54.860000,True,1
9/30/2024 12:00:00 AM,9/29/2024 8:00:00 PM,RTO Synchronized Reserve,Price,12.050000,True,1
9/30/2024 1:00:00 AM,9/29/2024 9:00:00 PM,RTO Synchronized Reserve,Price,3.050000,True,1
9/30/2024 2:00:00 AM,9/29/2024 10:00:00 PM,RTO Synchronized Reserve,Price,0.080000,True,1
9/30/2024 3:00:00 AM,9/29/2024 11:00:00 PM,RTO Synchronized Reserve,Price,4.310000,True,1
9/30/2024 4:00:00 AM,9/30/2024 12:00:00 AM,RTO Synchronized Reserve,Price,0.750000,True,1
9/30/2024 5:00:00 AM,9/30/2024 1:00:00 AM,RTO Synchronized Reserve,Price,0.040000,True,1
9/30/2024 6:00:00 AM,9/30/2024 2:00:00 AM,RTO Synchronized Reserve,Price,0.040000,True,1
9/30/2024 7:00:00 AM,9/30/2024 3:00:00 AM,RTO Synchronized Reserve,Price,0.010000,True,1
9/30/2024 8:00:00 AM,9/30/2024 4:00:00 AM,RTO Synchronized Reserve,Price,0.040000,True,1
9/30/2024 9:00:00 AM,9/30/2024 5:00:00 AM,RTO Synchronized Reserve,Price,0.030000,True,1
9/30/2024 10:00:00 AM,9/30/2024 6:00:00 AM,RTO Synchronized Reserve,Price,2.220000,True,1
9/30/2024 11:00:00 AM,9/30/2024 7:00:00 AM,RTO Synchronized Reserve,Price,11.780000,True,1
9/30/2024 12:00:00 PM,9/30/2024 8:00:00 AM,RTO Synchronized Reserve,Price,23.830000,True,1
9/30/2024 1:00:00 PM,9/30/2024 9:00:00 AM,RTO Synchronized Reserve,Price,28.560000,True,1
9/30/2024 2:00:00 PM,9/30/2024 10:00:00 AM,RTO Synchronized Reserve,Price,7.300000,True,1
9/30/2024 3:00:00 PM,9/30/2024 11:00:00 AM,RTO Synchronized Reserve,Price,0.660000,True,1
9/30/2024 4:00:00 PM,9/30/2024 12:00:00 PM,RTO Synchronized Reserve,Price,1.240000,True,1
9/30/2024 5:00:00 PM,9/30/2024 1:00:00 PM,RTO Synchronized Reserve,Price,4.210000,True,1
9/30/2024 6:00:00 PM,9/30/2024 2:00:00 PM,RTO Synchronized Reserve,Price,5.330000,True,1
9/30/2024 7:00:00 PM,9/30/2024 3:00:00 PM,RTO Synchronized Reserve,Price,19.560000,True,1
9/30/2024 8:00:00 PM,9/30/2024 4:00:00 PM,RTO Synchronized Reserve,Price,7.960000,True,1
9/30/2024 9:00:00 PM,9/30/2024 5:00:00 PM,RTO Synchronized Reserve,Price,56.600000,True,1
9/30/2024 10:00:00 PM,9/30/2024 6:00:00 PM,RTO Synchronized Reserve,Price,45.400000,True,1
9/30/2024 11:00:00 PM,9/30/2024 7:00:00 PM,RTO Synchronized Reserve,Price,53.880000,True,1
10/1/2024 12:00:00 AM,9/30/2024 8:00:00 PM,RTO Synchronized Reserve,Price,5.130000,True,1
10/1/2024 1:00:00 AM,9/30/2024 9:00:00 PM,RTO Synchronized Reserve,Price,11.910000,True,1
10/1/2024 2:00:00 AM,9/30/2024 10:00:00 PM,RTO Synchronized Reserve,Price,12.010000,True,1
10/1/2024 3:00:00 AM,9/30/2024 11:00:00 PM,RTO Synchronized Reserve,Price,22.150000,True,1
